,Municipality,Department,FARC Involvement,Year,Month,Day,Type of Violence
0,13006 ACHÍ,BOLÍVAR,No,1985,1,19,Attacks on Population
1,13212 CÓRDOBA,BOLÍVAR,Yes,1998,8,3,Attacks on Population
2,13212 CÓRDOBA,BOLÍVAR,Yes,2002,10,29,Attacks on Population
3,13458 MONTECRISTO,BOLÍVAR,Yes,2000,7,21,Attacks on Population
4,13473 MORALES,BOLÍVAR,No,1975,2,13,Attacks on Population
5,13473 MORALES,BOLÍVAR,No,1975,6,8,Attacks on Population
6,13473 MORALES,BOLÍVAR,No,1991,5,16,Attacks on Population
7,13473 MORALES,BOLÍVAR,No,1998,5,21,Attacks on Population
8,13667 SAN MARTÍN DE LOBA,BOLÍVAR,No,1986,11,22,Attacks on Population
9,13667 SAN MARTÍN DE LOBA,BOLÍVAR,No,1991,7,10,Attacks on Population
10,13667 SAN MARTÍN DE LOBA,BOLÍVAR,No,1998,8,2,Attacks on Population
11,13670 SAN PABLO,BOLÍVAR,No,1972,1,7,Attacks on Population
12,13670 SAN PABLO,BOLÍVAR,No,1972,1,7,Attacks on Population
13,13670 SAN PABLO,BOLÍVAR,Yes,1988,10,5,Attacks on Population
14,13688 SANTA ROSA DEL SUR,BOLÍVAR,No,1991,8,15,Attacks on Population
15,13744 SIMITÍ,BOLÍVAR,No,1976,5,7,Attacks on Population
16,13744 SIMITÍ,BOLÍVAR,Yes,1988,12,27,Attacks on Population
17,13744 SIMITÍ,BOLÍVAR,No,1997,6,30,Attacks on Population
18,15047 AQUITANIA,BOYACÁ,Yes,2002,2,25,Attacks on Population
19,15135 CAMPOHERMOSO,BOYACÁ,Yes,1990,12,30,Attacks on Population
20,15180 CHISCAS,BOYACÁ,Yes,1999,4,16,Attacks on Population
21,15183 CHITA,BOYACÁ,No,1988,11,12,Attacks on Population
22,15183 CHITA,BOYACÁ,Yes,1991,12,30,Attacks on Population
23,15218 COVARACHÍA,BOYACÁ,Yes,1996,10,20,Attacks on Population
24,15223 CUBARÁ,BOYACÁ,No,1997,2,6,Attacks on Population
25,15244 EL COCUY,BOYACÁ,No,1992,4,18,Attacks on Population
26,15248 EL ESPINO,BOYACÁ,Yes,1999,6,9,Attacks on Population
27,15296 GÁMEZA,BOYACÁ,Yes,1995,11,29,Attacks on Population
28,15332 GÜICÁN,BOYACÁ,Yes,1998,1,19,Attacks on Population
29,15377 LABRANZAGRANDE,BOYACÁ,Yes,1997,2,26,Attacks on Population
30,15403 LA UVITA,BOYACÁ,Yes,1999,5,1,Attacks on Population
31,15464 MONGUA,BOYACÁ,Yes,1995,10,19,Attacks on Population
32,15464 MONGUA,BOYACÁ,Yes,1995,11,29,Attacks on Population
33,15464 MONGUA,BOYACÁ,No,1999,6,1,Attacks on Population
34,15518 PAJARITO,BOYACÁ,Yes,1997,9,11,Attacks on Population
35,15531 PAUNA,BOYACÁ,Yes,1983,2,18,Attacks on Population
36,15537 PAZ DE RÍO,BOYACÁ,Yes,1999,11,29,Attacks on Population
37,15621 RONDÓN,BOYACÁ,Yes,1998,1,27,Attacks on Population
38,15790 TASCO,BOYACÁ,No,1993,1,25,Attacks on Population
39,15790 TASCO,BOYACÁ,Yes,1994,3,7,Attacks on Population
40,15790 TASCO,BOYACÁ,Yes,1999,3,16,Attacks on Population
41,17174 CHINCHINÁ,CALDAS,No,1990,12,7,Attacks on Population
42,17380 LA DORADA,CALDAS,No,1983,4,13,Attacks on Population
43,17446 MARULANDA,CALDAS,Yes,2006,3,4,Attacks on Population
44,17495 NORCASIA,CALDAS,Yes,1983,7,8,Attacks on Population
45,17541 PENSILVANIA,CALDAS,Yes,2000,7,29,Attacks on Population
46,17614 RIOSUCIO,CALDAS,Yes,1998,5,9,Attacks on Population
47,17614 RIOSUCIO,CALDAS,Yes,2001,12,2,Attacks on Population
48,17616 RISARALDA,CALDAS,No,1987,9,26,Attacks on Population
49,17867 VICTORIA,CALDAS,Yes,1983,9,15,Attacks on Population
50,17867 VICTORIA,CALDAS,Yes,1983,9,16,Attacks on Population
51,18001 FLORENCIA,CAQUETÁ,No,1977,7,20,Attacks on Population
52,18001 FLORENCIA,CAQUETÁ,No,1984,3,14,Attacks on Population
53,18001 FLORENCIA,CAQUETÁ,No,1984,3,15,Attacks on Population
54,18150 CARTAGENA DEL CHAIRÁ,CAQUETÁ,Yes,1994,8,7,Attacks on Population
55,18205 CURILLO,CAQUETÁ,Yes,1999,12,9,Attacks on Population
56,18410 LA MONTAÑITA,CAQUETÁ,Yes,2001,9,29,Attacks on Population
57,18410 LA MONTAÑITA,CAQUETÁ,Yes,2001,9,29,Attacks on Population
58,18460 MILÁN,CAQUETÁ,Yes,2002,1,1,Attacks on Population
59,18460 MILÁN,CAQUETÁ,Yes,2002,8,8,Attacks on Population
60,18592 PUERTO RICO,CAQUETÁ,Yes,1975,4,10,Attacks on Population
61,18592 PUERTO RICO,CAQUETÁ,Yes,1997,10,13,Attacks on Population
62,18756 SOLANO,CAQUETÁ,No,1981,7,20,Attacks on Population
63,18756 SOLANO,CAQUETÁ,No,1981,11,1,Attacks on Population
64,18860 VALPARAÍSO,CAQUETÁ,Yes,1997,8,1,Attacks on Population
65,19022 ALMAGUER,CAUCA,No,1991,7,7,Attacks on Population
66,19022 ALMAGUER,CAUCA,No,1998,11,18,Attacks on Population
67,19022 ALMAGUER,CAUCA,Yes,2001,3,31,Attacks on Population
68,19022 ALMAGUER,CAUCA,Yes,2001,9,28,Attacks on Population
69,19050 ARGELIA,CAUCA,Yes,1998,9,28,Attacks on Population
70,19050 ARGELIA,CAUCA,Yes,2012,7,25,Attacks on Population
71,19050 ARGELIA,CAUCA,Yes,2012,12,31,Attacks on Population
72,19050 ARGELIA,CAUCA,No,2013,1,23,Attacks on Population
73,19075 BALBOA,CAUCA,Yes,1997,10,18,Attacks on Population
74,19075 BALBOA,CAUCA,Yes,2012,9,1,Attacks on Population
75,19100 BOLÍVAR,CAUCA,No,1999,12,2,Attacks on Population
76,19100 BOLÍVAR,CAUCA,Yes,2001,7,21,Attacks on Population
77,19130 CAJIBÍO,CAUCA,Yes,1986,5,20,Attacks on Population
78,19130 CAJIBÍO,CAUCA,Yes,1998,8,2,Attacks on Population
79,19130 CAJIBÍO,CAUCA,Yes,1999,4,17,Attacks on Population
80,19130 CAJIBÍO,CAUCA,Yes,1999,8,24,Attacks on Population
81,19137 CALDONO,CAUCA,No,1988,3,22,Attacks on Population
82,19137 CALDONO,CAUCA,Yes,1993,5,26,Attacks on Population
83,19137 CALDONO,CAUCA,Yes,1997,2,9,Attacks on Population
84,19137 CALDONO,CAUCA,Yes,1997,12,16,Attacks on Population
85,19137 CALDONO,CAUCA,Yes,1998,11,26,Attacks on Population
86,19137 CALDONO,CAUCA,Yes,2005,7,3,Attacks on Population
87,19137 CALDONO,CAUCA,Yes,2011,5,20,Attacks on Population
88,19142 CALOTO,CAUCA,Yes,1997,1,12,Attacks on Population
89,19142 CALOTO,CAUCA,Yes,1999,1,4,Attacks on Population
90,19142 CALOTO,CAUCA,Yes,2000,9,1,Attacks on Population
91,19142 CALOTO,CAUCA,Yes,2013,2,5,Attacks on Population
92,19212 CORINTO,CAUCA,No,1984,4,5,Attacks on Population
93,19212 CORINTO,CAUCA,No,1998,8,2,Attacks on Population
94,19256 EL TAMBO,CAUCA,Yes,1990,4,20,Attacks on Population
95,19256 EL TAMBO,CAUCA,No,1991,3,8,Attacks on Population
96,19256 EL TAMBO,CAUCA,Yes,1998,8,16,Attacks on Population
97,19256 EL TAMBO,CAUCA,Yes,2002,8,11,Attacks on Population
98,19256 EL TAMBO,CAUCA,Yes,2010,11,10,Attacks on Population
99,19256 EL TAMBO,CAUCA,Yes,2012,1,4,Attacks on Population
100,19355 INZÁ,CAUCA,Yes,1965,3,17,Attacks on Population
101,19355 INZÁ,CAUCA,Yes,2001,12,12,Attacks on Population
102,19392 LA SIERRA,CAUCA,Yes,1988,7,14,Attacks on Population
103,19418 LÓPEZ DE MICAY,CAUCA,Yes,1988,1,19,Attacks on Population
104,19418 LÓPEZ DE MICAY,CAUCA,Yes,1991,10,17,Attacks on Population
105,19455 MIRANDA,CAUCA,Yes,1984,5,3,Attacks on Population
106,19455 MIRANDA,CAUCA,No,1995,12,5,Attacks on Population
107,19455 MIRANDA,CAUCA,Yes,1997,3,31,Attacks on Population
108,19455 MIRANDA,CAUCA,Yes,2000,8,30,Attacks on Population
109,19473 MORALES,CAUCA,Yes,1999,4,17,Attacks on Population
110,19513 PADILLA,CAUCA,Yes,1992,5,21,Attacks on Population
111,19517 PÁEZ,CAUCA,Yes,1996,1,22,Attacks on Population
112,19517 PÁEZ,CAUCA,Yes,1997,7,10,Attacks on Population
113,19517 PÁEZ,CAUCA,Yes,2000,6,16,Attacks on Population
114,19532 PATÍA,CAUCA,Yes,2000,3,7,Attacks on Population
115,19548 PIENDAMÓ,CAUCA,Yes,1994,8,5,Attacks on Population
116,19548 PIENDAMÓ,CAUCA,Yes,1997,7,24,Attacks on Population
117,19548 PIENDAMÓ,CAUCA,Yes,1997,11,21,Attacks on Population
118,19548 PIENDAMÓ,CAUCA,Yes,1999,3,10,Attacks on Population
119,19573 PUERTO TEJADA,CAUCA,Yes,1998,7,17,Attacks on Population
120,19573 PUERTO TEJADA,CAUCA,Yes,2000,7,27,Attacks on Population
121,19622 ROSAS,CAUCA,Yes,1999,5,7,Attacks on Population
122,19693 SAN SEBASTIÁN,CAUCA,No,1989,2,10,Attacks on Population
123,19698 SANTANDER DE QUILICHAO,CAUCA,No,1985,1,4,Attacks on Population
124,19698 SANTANDER DE QUILICHAO,CAUCA,Yes,1996,8,30,Attacks on Population
125,19698 SANTANDER DE QUILICHAO,CAUCA,Yes,1999,3,10,Attacks on Population
126,19698 SANTANDER DE QUILICHAO,CAUCA,Yes,2000,3,9,Attacks on Population
127,19698 SANTANDER DE QUILICHAO,CAUCA,Yes,2000,8,29,Attacks on Population
128,19743 SILVIA,CAUCA,Yes,1997,6,4,Attacks on Population
129,19743 SILVIA,CAUCA,Yes,1999,5,19,Attacks on Population
130,19743 SILVIA,CAUCA,Yes,2003,5,21,Attacks on Population
131,19780 SUÁREZ,CAUCA,Yes,2000,1,31,Attacks on Population
132,19780 SUÁREZ,CAUCA,Yes,2012,11,11,Attacks on Population
133,19807 TIMBÍO,CAUCA,Yes,1999,10,15,Attacks on Population
134,19807 TIMBÍO,CAUCA,Yes,2000,9,1,Attacks on Population
135,19809 TIMBIQUÍ,CAUCA,Yes,2012,3,3,Attacks on Population
136,19821 TORIBÍO,CAUCA,Yes,1983,1,14,Attacks on Population
137,19821 TORIBÍO,CAUCA,No,1985,4,14,Attacks on Population
138,19821 TORIBÍO,CAUCA,No,1986,4,14,Attacks on Population
139,19821 TORIBÍO,CAUCA,Yes,2002,7,11,Attacks on Population
140,19821 TORIBÍO,CAUCA,Yes,2005,4,14,Attacks on Population
141,19821 TORIBÍO,CAUCA,Yes,2012,7,5,Attacks on Population
142,19824 TOTORÓ,CAUCA,No,1985,10,22,Attacks on Population
143,19824 TOTORÓ,CAUCA,Yes,1997,11,17,Attacks on Population
144,20045 BECERRIL,CESAR,Yes,1998,12,26,Attacks on Population
145,20175 CHIMICHAGUA,CESAR,Yes,1998,9,24,Attacks on Population
146,20178 CHIRIGUANÁ,CESAR,No,1988,4,18,Attacks on Population
147,20178 CHIRIGUANÁ,CESAR,No,1992,7,2,Attacks on Population
148,20295 GAMARRA,CESAR,No,1971,10,8,Attacks on Population
149,20310 GONZÁLEZ,CESAR,No,1988,5,10,Attacks on Population
150,20310 GONZÁLEZ,CESAR,No,1992,3,3,Attacks on Population
151,20383 LA GLORIA,CESAR,No,1996,2,14,Attacks on Population
152,20400 LA JAGUA DE IBIRICO,CESAR,No,1981,7,22,Attacks on Population
153,20550 PELAYA,CESAR,No,1988,3,1,Attacks on Population
154,20570 PUEBLO BELLO,CESAR,Yes,1999,1,5,Attacks on Population
155,20570 PUEBLO BELLO,CESAR,Yes,1999,5,31,Attacks on Population
156,20750 SAN DIEGO,CESAR,No,1990,12,27,Attacks on Population
157,23466 MONTELÍBANO,CÓRDOBA,Yes,1978,3,20,Attacks on Population
158,23466 MONTELÍBANO,CÓRDOBA,No,1978,7,4,Attacks on Population
159,23807 TIERRALTA,CÓRDOBA,No,1978,7,12,Attacks on Population
160,23807 TIERRALTA,CÓRDOBA,No,1988,8,23,Attacks on Population
161,23807 TIERRALTA,CÓRDOBA,No,1996,4,20,Attacks on Population
162,23855 VALENCIA,CÓRDOBA,No,1990,6,29,Attacks on Population
163,25053 ARBELÁEZ,CUNDINAMARCA,Yes,2001,6,19,Attacks on Population
164,25086 BELTRÁN,CUNDINAMARCA,Yes,1998,5,20,Attacks on Population
165,25086 BELTRÁN,CUNDINAMARCA,Yes,1998,5,20,Attacks on Population
166,25120 CABRERA,CUNDINAMARCA,Yes,1997,8,20,Attacks on Population
167,25175 CHÍA,CUNDINAMARCA,No,1982,11,2,Attacks on Population
168,25281 FOSCA,CUNDINAMARCA,Yes,1995,4,5,Attacks on Population
169,25293 GACHALÁ,CUNDINAMARCA,Yes,1994,5,8,Attacks on Population
170,25293 GACHALÁ,CUNDINAMARCA,Yes,1997,8,3,Attacks on Population
171,25299 GAMA,CUNDINAMARCA,Yes,1998,2,11,Attacks on Population
172,25328 GUAYABAL DE SÍQUIMA,CUNDINAMARCA,Yes,1996,8,30,Attacks on Population
173,25328 GUAYABAL DE SÍQUIMA,CUNDINAMARCA,Yes,2000,12,26,Attacks on Population
174,25339 GUTIÉRREZ,CUNDINAMARCA,Yes,1997,3,8,Attacks on Population
175,25377 LA CALERA,CUNDINAMARCA,Yes,1994,7,19,Attacks on Population
176,25473 MOSQUERA,CUNDINAMARCA,No,1983,7,28,Attacks on Population
177,25486 NEMOCÓN,CUNDINAMARCA,No,1986,6,6,Attacks on Population
178,25491 NOCAIMA,CUNDINAMARCA,Yes,1998,2,16,Attacks on Population
179,25506 VENECIA,CUNDINAMARCA,Yes,1997,5,9,Attacks on Population
180,25535 PASCA,CUNDINAMARCA,Yes,1991,11,13,Attacks on Population
181,25535 PASCA,CUNDINAMARCA,Yes,1994,7,19,Attacks on Population
182,25580 PULÍ,CUNDINAMARCA,Yes,1997,9,13,Attacks on Population
183,25594 QUETAME,CUNDINAMARCA,Yes,1996,7,9,Attacks on Population
184,25596 QUIPILE,CUNDINAMARCA,Yes,1998,10,2,Attacks on Population
185,25596 QUIPILE,CUNDINAMARCA,Yes,1999,11,30,Attacks on Population
186,25596 QUIPILE,CUNDINAMARCA,Yes,2000,11,19,Attacks on Population
187,25805 TIBACUY,CUNDINAMARCA,Yes,1994,8,19,Attacks on Population
188,25805 TIBACUY,CUNDINAMARCA,Yes,1999,1,27,Attacks on Population
189,25885 YACOPÍ,CUNDINAMARCA,Yes,1998,7,17,Attacks on Population
190,25898 ZIPACÓN,CUNDINAMARCA,No,1984,4,19,Attacks on Population
191,27001 QUIBDÓ,CHOCÓ,Yes,2013,3,2,Attacks on Population
192,27006 ACANDÍ,CHOCÓ,Yes,1999,4,20,Attacks on Population
193,27073 BAGADÓ,CHOCÓ,No,1997,1,28,Attacks on Population
194,27073 BAGADÓ,CHOCÓ,Yes,2000,10,18,Attacks on Population
195,27245 EL CARMEN DE ATRATO,CHOCÓ,Yes,2000,8,5,Attacks on Population
196,27372 JURADÓ,CHOCÓ,Yes,1992,2,12,Attacks on Population
197,27372 JURADÓ,CHOCÓ,Yes,1999,12,12,Attacks on Population
198,27413 LLORÓ,CHOCÓ,No,1989,11,9,Attacks on Population
199,27745 SIPÍ,CHOCÓ,Yes,2005,9,2,Attacks on Population
200,27745 SIPÍ,CHOCÓ,Yes,2005,12,27,Attacks on Population
201,41006 ACEVEDO,HUILA,Yes,1979,2,3,Attacks on Population
202,41006 ACEVEDO,HUILA,No,1984,4,24,Attacks on Population
203,41006 ACEVEDO,HUILA,Yes,1987,8,7,Attacks on Population
204,41006 ACEVEDO,HUILA,Yes,2001,9,28,Attacks on Population
205,41020 ALGECIRAS,HUILA,Yes,1974,6,11,Attacks on Population
206,41020 ALGECIRAS,HUILA,Yes,1998,12,12,Attacks on Population
207,41020 ALGECIRAS,HUILA,Yes,1999,7,9,Attacks on Population
208,41020 ALGECIRAS,HUILA,Yes,1999,12,9,Attacks on Population
209,41020 ALGECIRAS,HUILA,Yes,2000,6,26,Attacks on Population
210,41020 ALGECIRAS,HUILA,Yes,2000,6,26,Attacks on Population
211,41020 ALGECIRAS,HUILA,Yes,2001,6,6,Attacks on Population
212,41078 BARAYA,HUILA,Yes,1999,11,16,Attacks on Population
213,41206 COLOMBIA,HUILA,Yes,2000,7,12,Attacks on Population
214,41298 GARZÓN,HUILA,No,1983,8,12,Attacks on Population
215,41298 GARZÓN,HUILA,No,1988,3,30,Attacks on Population
216,41306 GIGANTE,HUILA,Yes,1999,12,3,Attacks on Population
217,41359 ISNOS,HUILA,No,1987,2,3,Attacks on Population
218,41359 ISNOS,HUILA,Yes,1991,4,17,Attacks on Population
219,41503 OPORAPA,HUILA,Yes,2002,7,10,Attacks on Population
220,41660 SALADOBLANCO,HUILA,Yes,1994,8,8,Attacks on Population
221,41660 SALADOBLANCO,HUILA,Yes,1998,12,25,Attacks on Population
222,41676 SANTA MARÍA,HUILA,Yes,1988,8,30,Attacks on Population
223,41676 SANTA MARÍA,HUILA,Yes,2000,7,11,Attacks on Population
224,41799 TELLO,HUILA,Yes,1977,4,13,Attacks on Population
225,41801 TERUEL,HUILA,Yes,2010,3,20,Attacks on Population
226,41872 VILLAVIEJA,HUILA,Yes,2000,12,10,Attacks on Population
227,44650 SAN JUAN DEL CESAR,LA GUAJIRA,Yes,1991,7,5,Attacks on Population
228,44855 URUMITA,LA GUAJIRA,Yes,1998,8,12,Attacks on Population
229,47001 SANTA MARTA,MAGDALENA,Yes,1988,9,8,Attacks on Population
230,47001 SANTA MARTA,MAGDALENA,No,1998,8,3,Attacks on Population
231,47288 FUNDACIÓN,MAGDALENA,Yes,1997,1,13,Attacks on Population
232,47555 PLATO,MAGDALENA,No,1988,5,28,Attacks on Population
233,50287 FUENTE DE ORO,META,Yes,1988,2,19,Attacks on Population
234,5031 AMALFI,ANTIOQUIA,No,1993,10,28,Attacks on Population
235,50318 GUAMAL,META,Yes,1996,8,6,Attacks on Population
236,5034 ANDES,ANTIOQUIA,No,1986,8,1,Attacks on Population
237,50350 LA MACARENA,META,Yes,1977,2,14,Attacks on Population
238,50370 URIBE,META,Yes,1998,8,4,Attacks on Population
239,5038 ANGOSTURA,ANTIOQUIA,Yes,1994,3,20,Attacks on Population
240,5051 ARBOLETES,ANTIOQUIA,Yes,1992,10,26,Attacks on Population
241,5055 ARGELIA,ANTIOQUIA,No,1987,5,10,Attacks on Population
242,50577 PUERTO LLERAS,META,Yes,1998,3,25,Attacks on Population
243,50577 PUERTO LLERAS,META,Yes,1999,7,10,Attacks on Population
244,50711 VISTAHERMOSA,META,Yes,1978,3,7,Attacks on Population
245,50711 VISTAHERMOSA,META,Yes,1998,3,30,Attacks on Population
246,5086 BELMIRA,ANTIOQUIA,No,1986,9,3,Attacks on Population
247,5091 BETANIA,ANTIOQUIA,No,1986,8,15,Attacks on Population
248,5091 BETANIA,ANTIOQUIA,No,1996,8,14,Attacks on Population
249,5113 BURITICÁ,ANTIOQUIA,No,1984,7,3,Attacks on Population
250,5120 CÁCERES,ANTIOQUIA,No,1985,6,20,Attacks on Population
251,5125 CAICEDO,ANTIOQUIA,Yes,1995,1,13,Attacks on Population
252,5138 CAÑASGORDAS,ANTIOQUIA,No,1987,10,29,Attacks on Population
253,5145 CARAMANTA,ANTIOQUIA,No,1986,5,18,Attacks on Population
254,5197 COCORNÁ,ANTIOQUIA,No,1998,7,31,Attacks on Population
255,5197 COCORNÁ,ANTIOQUIA,Yes,1998,11,30,Attacks on Population
256,5197 COCORNÁ,ANTIOQUIA,Yes,2002,5,15,Attacks on Population
257,52019 ALBÁN,NARIÑO,Yes,1998,10,14,Attacks on Population
258,52019 ALBÁN,NARIÑO,Yes,1999,8,27,Attacks on Population
259,52019 ALBÁN,NARIÑO,Yes,2000,12,12,Attacks on Population
260,52019 ALBÁN,NARIÑO,Yes,2001,10,8,Attacks on Population
261,52019 ALBÁN,NARIÑO,Yes,2002,1,13,Attacks on Population
262,52036 ANCUYÁ,NARIÑO,No,2000,11,18,Attacks on Population
263,52079 BARBACOAS,NARIÑO,Yes,1997,6,6,Attacks on Population
264,52203 COLÓN,NARIÑO,Yes,2002,4,15,Attacks on Population
265,52215 CÓRDOBA,NARIÑO,Yes,2000,1,11,Attacks on Population
266,52224 CUASPÚD,NARIÑO,Yes,2002,7,29,Attacks on Population
267,52227 CUMBAL,NARIÑO,Yes,2002,12,12,Attacks on Population
268,52250 EL CHARCO,NARIÑO,Yes,1992,9,29,Attacks on Population
269,52256 EL ROSARIO,NARIÑO,Yes,1998,3,29,Attacks on Population
270,52287 FUNES,NARIÑO,Yes,2002,2,28,Attacks on Population
271,5234 DABEIBA,ANTIOQUIA,Yes,1998,9,24,Attacks on Population
272,5234 DABEIBA,ANTIOQUIA,Yes,1999,5,1,Attacks on Population
273,52378 LA CRUZ,NARIÑO,Yes,2001,5,10,Attacks on Population
274,52378 LA CRUZ,NARIÑO,Yes,2002,4,15,Attacks on Population
275,52385 LA LLANADA,NARIÑO,No,2006,1,13,Attacks on Population
276,52390 LA TOLA,NARIÑO,Yes,2002,7,29,Attacks on Population
277,52405 LEIVA,NARIÑO,Yes,1998,10,11,Attacks on Population
278,52418 LOS ANDES,NARIÑO,Yes,1998,8,1,Attacks on Population
279,52418 LOS ANDES,NARIÑO,Yes,2002,8,12,Attacks on Population
280,52490 OLAYA HERRERA,NARIÑO,Yes,2001,3,16,Attacks on Population
281,5250 EL BAGRE,ANTIOQUIA,Yes,1983,5,18,Attacks on Population
282,52560 POTOSÍ,NARIÑO,Yes,2000,1,11,Attacks on Population
283,52560 POTOSÍ,NARIÑO,Yes,2002,6,10,Attacks on Population
284,52573 PUERRES,NARIÑO,Yes,2000,1,11,Attacks on Population
285,52678 SAMANIEGO,NARIÑO,Yes,1993,7,16,Attacks on Population
286,52678 SAMANIEGO,NARIÑO,No,2000,11,18,Attacks on Population
287,52678 SAMANIEGO,NARIÑO,Yes,2003,7,9,Attacks on Population
288,52678 SAMANIEGO,NARIÑO,No,2003,7,11,Attacks on Population
289,52678 SAMANIEGO,NARIÑO,No,2003,7,11,Attacks on Population
290,52678 SAMANIEGO,NARIÑO,Yes,2005,6,14,Attacks on Population
291,52693 SAN PABLO,NARIÑO,Yes,1992,12,24,Attacks on Population
292,52693 SAN PABLO,NARIÑO,Yes,1998,12,14,Attacks on Population
293,52693 SAN PABLO,NARIÑO,Yes,2000,7,27,Attacks on Population
294,52693 SAN PABLO,NARIÑO,Yes,2001,3,9,Attacks on Population
295,52696 SANTA BÁRBARA,NARIÑO,Yes,1996,3,6,Attacks on Population
296,52699 SANTACRUZ,NARIÑO,Yes,2005,4,13,Attacks on Population
297,5284 FRONTINO,ANTIOQUIA,Yes,1977,11,16,Attacks on Population
298,5284 FRONTINO,ANTIOQUIA,No,1982,11,5,Attacks on Population
299,5284 FRONTINO,ANTIOQUIA,Yes,1998,12,28,Attacks on Population
300,5306 GIRALDO,ANTIOQUIA,No,1984,5,1,Attacks on Population
301,5306 GIRALDO,ANTIOQUIA,Yes,1994,5,4,Attacks on Population
302,5313 GRANADA,ANTIOQUIA,No,1988,6,11,Attacks on Population
303,5315 GUADALUPE,ANTIOQUIA,No,1991,3,30,Attacks on Population
304,5361 ITUANGO,ANTIOQUIA,No,1987,4,16,Attacks on Population
305,5361 ITUANGO,ANTIOQUIA,Yes,1988,4,7,Attacks on Population
306,5361 ITUANGO,ANTIOQUIA,Yes,1995,3,5,Attacks on Population
307,5361 ITUANGO,ANTIOQUIA,Yes,1995,3,6,Attacks on Population
308,5368 JERICÓ,ANTIOQUIA,No,1988,2,6,Attacks on Population
309,5400 LA UNIÓN,ANTIOQUIA,No,1988,12,4,Attacks on Population
310,5400 LA UNIÓN,ANTIOQUIA,No,1989,6,25,Attacks on Population
311,5400 LA UNIÓN,ANTIOQUIA,Yes,1998,5,21,Attacks on Population
312,54003 ÁBREGO,NORTE DE SANTANDER,No,1997,7,21,Attacks on Population
313,54051 ARBOLEDAS,NORTE DE SANTANDER,No,1991,2,7,Attacks on Population
314,54128 CÁCHIRA,NORTE DE SANTANDER,No,1988,1,30,Attacks on Population
315,54128 CÁCHIRA,NORTE DE SANTANDER,No,1989,10,25,Attacks on Population
316,54174 CHITAGÁ,NORTE DE SANTANDER,No,1988,8,18,Attacks on Population
317,54174 CHITAGÁ,NORTE DE SANTANDER,No,1998,8,19,Attacks on Population
318,54223 CUCUTILLA,NORTE DE SANTANDER,Yes,1994,2,18,Attacks on Population
319,54245 EL CARMEN,NORTE DE SANTANDER,Yes,1999,12,8,Attacks on Population
320,5425 MACEO,ANTIOQUIA,Yes,1983,5,29,Attacks on Population
321,54250 EL TARRA,NORTE DE SANTANDER,No,1998,5,31,Attacks on Population
322,54344 HACARÍ,NORTE DE SANTANDER,Yes,1998,10,27,Attacks on Population
323,54377 LABATECA,NORTE DE SANTANDER,Yes,2000,8,29,Attacks on Population
324,54599 RAGONVALIA,NORTE DE SANTANDER,No,1998,4,30,Attacks on Population
325,54670 SAN CALIXTO,NORTE DE SANTANDER,No,1990,4,9,Attacks on Population
326,54670 SAN CALIXTO,NORTE DE SANTANDER,No,1991,1,21,Attacks on Population
327,54670 SAN CALIXTO,NORTE DE SANTANDER,Yes,2004,8,6,Attacks on Population
328,54670 SAN CALIXTO,NORTE DE SANTANDER,No,2014,4,30,Attacks on Population
329,54720 SARDINATA,NORTE DE SANTANDER,Yes,1997,2,7,Attacks on Population
330,54720 SARDINATA,NORTE DE SANTANDER,No,1999,5,21,Attacks on Population
331,5480 MUTATÁ,ANTIOQUIA,Yes,1975,6,20,Attacks on Population
332,5480 MUTATÁ,ANTIOQUIA,Yes,1987,1,26,Attacks on Population
333,5480 MUTATÁ,ANTIOQUIA,No,1990,1,16,Attacks on Population
334,54800 TEORAMA,NORTE DE SANTANDER,Yes,1992,12,14,Attacks on Population
335,54810 TIBÚ,NORTE DE SANTANDER,Yes,2002,5,25,Attacks on Population
336,5483 NARIÑO,ANTIOQUIA,Yes,1999,7,29,Attacks on Population
337,5543 PEQUE,ANTIOQUIA,No,1983,12,3,Attacks on Population
338,5543 PEQUE,ANTIOQUIA,Yes,1994,6,7,Attacks on Population
339,5543 PEQUE,ANTIOQUIA,Yes,1995,2,2,Attacks on Population
340,5543 PEQUE,ANTIOQUIA,Yes,1996,8,29,Attacks on Population
341,5604 REMEDIOS,ANTIOQUIA,No,1972,1,16,Attacks on Population
342,5628 SABANALARGA,ANTIOQUIA,No,1984,1,7,Attacks on Population
343,5647 SAN ANDRÉS DE CUERQUÍA,ANTIOQUIA,No,1988,12,16,Attacks on Population
344,5647 SAN ANDRÉS DE CUERQUÍA,ANTIOQUIA,Yes,1989,12,15,Attacks on Population
345,5649 SAN CARLOS,ANTIOQUIA,No,1990,12,24,Attacks on Population
346,5652 SAN FRANCISCO,ANTIOQUIA,Yes,1998,11,30,Attacks on Population
347,5652 SAN FRANCISCO,ANTIOQUIA,Yes,1999,4,5,Attacks on Population
348,5660 SAN LUIS,ANTIOQUIA,Yes,1999,12,11,Attacks on Population
349,5664 SAN PEDRO DE LOS MILAGROS,ANTIOQUIA,No,1986,8,10,Attacks on Population
350,5665 SAN PEDRO DE URABÁ,ANTIOQUIA,Yes,1973,1,26,Attacks on Population
351,5665 SAN PEDRO DE URABÁ,ANTIOQUIA,No,1983,1,21,Attacks on Population
352,5674 SAN VICENTE FERRER,ANTIOQUIA,No,1988,7,12,Attacks on Population
353,5736 SEGOVIA,ANTIOQUIA,Yes,1988,11,12,Attacks on Population
354,5756 SONSÓN,ANTIOQUIA,Yes,2001,6,9,Attacks on Population
355,5761 SOPETRÁN,ANTIOQUIA,No,1986,9,21,Attacks on Population
356,5790 TARAZÁ,ANTIOQUIA,Yes,2001,4,15,Attacks on Population
357,5842 URAMITA,ANTIOQUIA,Yes,1979,2,11,Attacks on Population
358,5842 URAMITA,ANTIOQUIA,Yes,1991,7,8,Attacks on Population
359,5847 URRAO,ANTIOQUIA,No,1985,10,19,Attacks on Population
360,5854 VALDIVIA,ANTIOQUIA,Yes,1982,11,9,Attacks on Population
361,5856 VALPARAÍSO,ANTIOQUIA,No,1988,6,4,Attacks on Population
362,5858 VEGACHÍ,ANTIOQUIA,Yes,1983,4,24,Attacks on Population
363,5858 VEGACHÍ,ANTIOQUIA,No,1983,7,20,Attacks on Population
364,5858 VEGACHÍ,ANTIOQUIA,Yes,1999,4,11,Attacks on Population
365,5873 VIGÍA DEL FUERTE,ANTIOQUIA,Yes,2000,3,25,Attacks on Population
366,5885 YALÍ,ANTIOQUIA,Yes,1992,2,19,Attacks on Population
367,5885 YALÍ,ANTIOQUIA,No,1997,9,7,Attacks on Population
368,5890 YOLOMBÓ,ANTIOQUIA,No,1988,1,23,Attacks on Population
369,5890 YOLOMBÓ,ANTIOQUIA,No,2000,12,19,Attacks on Population
370,5895 ZARAGOZA,ANTIOQUIA,No,1985,12,2,Attacks on Population
371,63302 GÉNOVA,QUINDIO,No,1985,6,28,Attacks on Population
372,63302 GÉNOVA,QUINDIO,Yes,1997,12,4,Attacks on Population
373,63548 PIJAO,QUINDIO,Yes,2001,10,25,Attacks on Population
374,66456 MISTRATÓ,RISARALDA,Yes,1998,8,3,Attacks on Population
375,68013 AGUADA,SANTANDER,Yes,1983,6,10,Attacks on Population
376,68020 ALBANIA,SANTANDER,Yes,1998,10,11,Attacks on Population
377,68132 CALIFORNIA,SANTANDER,No,1999,5,29,Attacks on Population
378,68147 CAPITANEJO,SANTANDER,Yes,1996,8,30,Attacks on Population
379,68152 CARCASÍ,SANTANDER,No,1988,5,27,Attacks on Population
380,68152 CARCASÍ,SANTANDER,No,1993,12,29,Attacks on Population
381,68169 CHARTA,SANTANDER,No,1991,4,27,Attacks on Population
382,68190 CIMITARRA,SANTANDER,No,1986,6,20,Attacks on Population
383,68211 CONTRATACIÓN,SANTANDER,Yes,1999,6,8,Attacks on Population
384,68271 FLORIÁN,SANTANDER,Yes,1973,3,2,Attacks on Population
385,68271 FLORIÁN,SANTANDER,Yes,1994,1,17,Attacks on Population
386,68318 GUACA,SANTANDER,No,1997,12,11,Attacks on Population
387,68385 LANDÁZURI,SANTANDER,No,1998,5,25,Attacks on Population
388,68464 MOGOTES,SANTANDER,No,1997,12,11,Attacks on Population
389,68502 ONZAGA,SANTANDER,Yes,1999,8,6,Attacks on Population
390,68575 PUERTO WILCHES,SANTANDER,Yes,1988,10,5,Attacks on Population
391,68673 SAN BENITO,SANTANDER,Yes,1982,11,11,Attacks on Population
392,68720 SANTA HELENA DEL OPÓN,SANTANDER,Yes,1991,3,20,Attacks on Population
393,68745 SIMACOTA,SANTANDER,No,1965,1,7,Attacks on Population
394,68770 SUAITA,SANTANDER,No,1983,7,28,Attacks on Population
395,68770 SUAITA,SANTANDER,No,1983,7,28,Attacks on Population
396,68780 SURATÁ,SANTANDER,Yes,2002,7,4,Attacks on Population
397,68820 TONA,SANTANDER,No,1988,11,29,Attacks on Population
398,70124 CAIMITO,SUCRE,No,1992,8,18,Attacks on Population
399,70230 CHALÁN,SUCRE,No,1990,6,5,Attacks on Population
400,70230 CHALÁN,SUCRE,Yes,1995,12,3,Attacks on Population
401,70235 GALERAS,SUCRE,No,1997,2,14,Attacks on Population
402,70265 GUARANDA,SUCRE,No,1987,7,8,Attacks on Population
403,70418 LOS PALMITOS,SUCRE,Yes,2001,8,17,Attacks on Population
404,73001 IBAGUÉ,TOLIMA,Yes,2001,10,17,Attacks on Population
405,73001 IBAGUÉ,TOLIMA,Yes,2001,10,19,Attacks on Population
406,73001 IBAGUÉ,TOLIMA,Yes,2007,5,14,Attacks on Population
407,73024 ALPUJARRA,TOLIMA,Yes,2000,3,20,Attacks on Population
408,73043 ANZOÁTEGUI,TOLIMA,Yes,2001,8,11,Attacks on Population
409,73067 ATACO,TOLIMA,Yes,2001,4,4,Attacks on Population
410,73152 CASABIANCA,TOLIMA,Yes,1999,8,13,Attacks on Population
411,73152 CASABIANCA,TOLIMA,Yes,2002,11,2,Attacks on Population
412,73152 CASABIANCA,TOLIMA,Yes,2006,8,4,Attacks on Population
413,73152 CASABIANCA,TOLIMA,Yes,2006,8,4,Attacks on Population
414,73226 CUNDAY,TOLIMA,Yes,1998,2,22,Attacks on Population
415,73226 CUNDAY,TOLIMA,Yes,1998,6,5,Attacks on Population
416,73236 DOLORES,TOLIMA,Yes,1996,1,22,Attacks on Population
417,73236 DOLORES,TOLIMA,Yes,1997,10,18,Attacks on Population
418,73236 DOLORES,TOLIMA,Yes,2002,7,17,Attacks on Population
419,73461 MURILLO,TOLIMA,Yes,2002,1,25,Attacks on Population
420,73483 NATAGAIMA,TOLIMA,Yes,1998,8,4,Attacks on Population
421,73504 ORTEGA,TOLIMA,No,1987,8,9,Attacks on Population
422,73555 PLANADAS,TOLIMA,Yes,1998,11,1,Attacks on Population
423,73616 RIOBLANCO,TOLIMA,No,1985,7,1,Attacks on Population
424,73616 RIOBLANCO,TOLIMA,No,1985,7,5,Attacks on Population
425,73616 RIOBLANCO,TOLIMA,Yes,1995,1,13,Attacks on Population
426,73616 RIOBLANCO,TOLIMA,Yes,1999,6,6,Attacks on Population
427,73622 RONCESVALLES,TOLIMA,Yes,2000,7,14,Attacks on Population
428,73675 SAN ANTONIO,TOLIMA,Yes,1991,5,28,Attacks on Population
429,73675 SAN ANTONIO,TOLIMA,Yes,1999,5,7,Attacks on Population
430,73675 SAN ANTONIO,TOLIMA,Yes,1999,5,8,Attacks on Population
431,73675 SAN ANTONIO,TOLIMA,Yes,1999,5,24,Attacks on Population
432,73675 SAN ANTONIO,TOLIMA,Yes,2001,2,23,Attacks on Population
433,73678 SAN LUIS,TOLIMA,Yes,1996,7,13,Attacks on Population
434,73686 SANTA ISABEL,TOLIMA,Yes,1997,8,8,Attacks on Population
435,73686 SANTA ISABEL,TOLIMA,No,1999,12,25,Attacks on Population
436,73686 SANTA ISABEL,TOLIMA,Yes,2001,8,11,Attacks on Population
437,73861 VENADILLO,TOLIMA,Yes,2002,3,16,Attacks on Population
438,73870 VILLAHERMOSA,TOLIMA,No,1999,2,6,Attacks on Population
439,76109 BUENAVENTURA,VALLE DEL CAUCA,Yes,2000,12,6,Attacks on Population
440,76122 CAICEDONIA,VALLE DEL CAUCA,Yes,1999,7,23,Attacks on Population
441,76130 CANDELARIA,VALLE DEL CAUCA,Yes,1991,3,17,Attacks on Population
442,76233 DAGUA,VALLE DEL CAUCA,Yes,1999,3,19,Attacks on Population
443,76248 EL CERRITO,VALLE DEL CAUCA,No,1998,8,21,Attacks on Population
444,76275 FLORIDA,VALLE DEL CAUCA,Yes,1988,11,8,Attacks on Population
445,76275 FLORIDA,VALLE DEL CAUCA,Yes,1991,2,5,Attacks on Population
446,76275 FLORIDA,VALLE DEL CAUCA,Yes,1996,3,14,Attacks on Population
447,76275 FLORIDA,VALLE DEL CAUCA,Yes,1998,3,14,Attacks on Population
448,76275 FLORIDA,VALLE DEL CAUCA,Yes,2001,10,10,Attacks on Population
449,76306 GINEBRA,VALLE DEL CAUCA,Yes,1992,11,12,Attacks on Population
450,76364 JAMUNDÍ,VALLE DEL CAUCA,No,1998,6,19,Attacks on Population
451,76520 PALMIRA,VALLE DEL CAUCA,No,2000,8,29,Attacks on Population
452,76520 PALMIRA,VALLE DEL CAUCA,Yes,2000,8,29,Attacks on Population
453,76520 PALMIRA,VALLE DEL CAUCA,No,2000,8,29,Attacks on Population
454,76563 PRADERA,VALLE DEL CAUCA,Yes,2000,7,7,Attacks on Population
455,76892 YUMBO,VALLE DEL CAUCA,No,1984,8,11,Attacks on Population
456,76892 YUMBO,VALLE DEL CAUCA,No,1984,10,8,Attacks on Population
457,81220 CRAVO NORTE,ARAUCA,Yes,1998,4,13,Attacks on Population
458,81220 CRAVO NORTE,ARAUCA,Yes,1999,4,19,Attacks on Population
459,81591 PUERTO RONDÓN,ARAUCA,No,1987,4,7,Attacks on Population
460,81794 TAME,ARAUCA,Yes,2000,10,22,Attacks on Population
461,85015 CHÁMEZA,CASANARE,Yes,1997,4,4,Attacks on Population
462,85125 HATO COROZAL,CASANARE,Yes,1990,9,13,Attacks on Population
463,85125 HATO COROZAL,CASANARE,Yes,1998,9,15,Attacks on Population
464,85125 HATO COROZAL,CASANARE,Yes,1999,8,31,Attacks on Population
465,85263 PORE,CASANARE,Yes,1994,7,17,Attacks on Population
466,85263 PORE,CASANARE,Yes,1999,5,14,Attacks on Population
467,85325 SAN LUIS DE PALENQUE,CASANARE,Yes,1996,5,28,Attacks on Population
468,85400 TÁMARA,CASANARE,No,1991,5,13,Attacks on Population
469,85400 TÁMARA,CASANARE,Yes,1995,2,17,Attacks on Population
470,86001 MOCOA,PUTUMAYO,No,1981,3,11,Attacks on Population
471,86749 SIBUNDOY,PUTUMAYO,No,1990,4,7,Attacks on Population
472,86755 SAN FRANCISCO,PUTUMAYO,No,1990,4,7,Attacks on Population
473,86757 SAN MIGUEL,PUTUMAYO,Yes,1997,9,1,Attacks on Population
474,95025 EL RETORNO,GUAVIARE,Yes,1991,3,6,Attacks on Population
475,95025 EL RETORNO,GUAVIARE,Yes,1998,7,1,Attacks on Population
476,95200 MIRAFLORES,GUAVIARE,Yes,1995,8,6,Attacks on Population
477,97001 MITÚ,VAUPÉS,Yes,1988,4,20,Attacks on Population
478,97001 MITÚ,VAUPÉS,Yes,1998,11,1,Attacks on Population
479,99524 LA PRIMAVERA,VICHADA,Yes,1991,10,8,Attacks on Population
480,99624 SANTA ROSALÍA,VICHADA,Yes,1991,10,8,Attacks on Population
